height,user_address,token_address,amount
38280206,0x0607b0c69cc062781829446A3c2EBEd9BffEc7f2,0x846e4D51d7E2043C1a87E0Ab7490B93FB940357b,140.84608013657146
38280206,0x0B540314dE20D5de8B6a633FBA68695f2aF26714,0x846e4D51d7E2043C1a87E0Ab7490B93FB940357b,8460.041103798569
38280206,0x0acC0A51cbbE337F92Fa9B7e04FFF6632455E78A,0x846e4D51d7E2043C1a87E0Ab7490B93FB940357b,1070.6511770234108
38280206,0x127D9f116d2b43F811F754307Fd2fc27294a39cD,0x846e4D51d7E2043C1a87E0Ab7490B93FB940357b,0.005042004936629941
38280206,0x1381f5EE2107aB4BfB3375410aC1559241EAd2BA,0x846e4D51d7E2043C1a87E0Ab7490B93FB940357b,3271.430448793488
38280206,0x1E49d2aF9823d0E404A8e1aea5dfd378f66F6700,0x846e4D51d7E2043C1a87E0Ab7490B93FB940357b,1070.497531583197
38280206,0x1b2Ae1ac409558808E32E5e871D54a5a74D08815,0x846e4D51d7E2043C1a87E0Ab7490B93FB940357b,389.7487925437114
38280206,0x1b6f876416fD17e0f0CF2B7C47b0f13408156dbe,0x846e4D51d7E2043C1a87E0Ab7490B93FB940357b,5.333379063473312
38280206,0x2836545d6E07E9E96A9B622a2E5f4787eC9Cc2Ae,0x846e4D51d7E2043C1a87E0Ab7490B93FB940357b,3394.4063760879017
38280206,0x2DB5e435df400d4C4770098dDa0E04a03a268581,0x846e4D51d7E2043C1a87E0Ab7490B93FB940357b,28.02742729792833
38280206,0x36A87d1E3200225f881488E4AEedF25303FebcAe,0x846e4D51d7E2043C1a87E0Ab7490B93FB940357b,2.1406756269990863
38280206,0x37A92F12b2Ec84DC0AA244941ca5aC926D3dD4b6,0x846e4D51d7E2043C1a87E0Ab7490B93FB940357b,0.001760799466733932
38280206,0x380aB69b2c0295123Ea17F75cd0f2065b60aF32B,0x846e4D51d7E2043C1a87E0Ab7490B93FB940357b,2499.843886215352
38280206,0x3D6991085Ab1ae3926cB96f25684C40a364B6856,0x846e4D51d7E2043C1a87E0Ab7490B93FB940357b,1.9462066010357209
38280206,0x3e6EdBa22D9cE22a7168406d26598AE20FE08e41,0x846e4D51d7E2043C1a87E0Ab7490B93FB940357b,3256.469614262244
38280206,0x423eA747B41c83DB6B903b685B252e5B19314F94,0x846e4D51d7E2043C1a87E0Ab7490B93FB940357b,548.1293563316535
38280206,0x46Da37665Ab250f3C2acA39644c7f22F908F6da0,0x846e4D51d7E2043C1a87E0Ab7490B93FB940357b,1072.530628981779
38280206,0x48c05DFf8f5d94ED508C91fe12EA7b754a7b820e,0x846e4D51d7E2043C1a87E0Ab7490B93FB940357b,9.133520549597554
38280206,0x4bC9611bBD793FB76B6E69CBfDAE254f13F4841e,0x846e4D51d7E2043C1a87E0Ab7490B93FB940357b,10.708350868049694
38280206,0x4ce6D507d1726eFC932100502f1D0bFFe1f5f22F,0x846e4D51d7E2043C1a87E0Ab7490B93FB940357b,0.006732332944685873
38280206,0x5c326F1533732566fFDEf9cC1fB5a314B359B18E,0x846e4D51d7E2043C1a87E0Ab7490B93FB940357b,1119.6720220877946
38280206,0x5d4614B4E5E21d7344B369e09b9be2bb8241a307,0x846e4D51d7E2043C1a87E0Ab7490B93FB940357b,21410.388822084562
38280206,0x6545100189C47BF5bAa3be08B69Cb94Ac7C6f158,0x846e4D51d7E2043C1a87E0Ab7490B93FB940357b,0.9967934364049543
38280206,0x6B2B6C9F8FFC582046c0348E2f450Ea1286c5382,0x846e4D51d7E2043C1a87E0Ab7490B93FB940357b,2142.081916240996
38280206,0x6C5E71fFEe8eB9f8E34DF044F2aE267797Fe9bF5,0x846e4D51d7E2043C1a87E0Ab7490B93FB940357b,418976.6785495344
38280206,0x6a97B6c144f7f505233B5D925362d3e6ae5BA44A,0x846e4D51d7E2043C1a87E0Ab7490B93FB940357b,10.716480605392036
38280206,0x718628701b712d58027D6d204e59F9fA3AA4690C,0x846e4D51d7E2043C1a87E0Ab7490B93FB940357b,41.53469852757917
38280206,0x7c883059b90AeAA8B5fAD2D20Ddc8b0341cA7c98,0x846e4D51d7E2043C1a87E0Ab7490B93FB940357b,5352129.08007798
38280206,0x7cC42eDEEa002CC7667711a52754CBa998Ac216E,0x846e4D51d7E2043C1a87E0Ab7490B93FB940357b,30.50968671702869
38280206,0x81f4d07a6ab0CcE8BcfD067c1E9f9Dcd4a90EFf7,0x846e4D51d7E2043C1a87E0Ab7490B93FB940357b,26.21767503361062
38280206,0x833698FC59293EE9d10eCE3145dAAf4f0f3202E8,0x846e4D51d7E2043C1a87E0Ab7490B93FB940357b,21.862752902797414
38280206,0x84Ae6E6D41d155E5D909246A843de88106A73E33,0x846e4D51d7E2043C1a87E0Ab7490B93FB940357b,3212.4936418301127
38280206,0x8860f2dD5CAB736a6Cc4D2612aa214548194D1Cd,0x846e4D51d7E2043C1a87E0Ab7490B93FB940357b,108697.12982425967
38280206,0x8Dc2b82CEaCB0b2329138811ca58F3d761962703,0x846e4D51d7E2043C1a87E0Ab7490B93FB940357b,19.01846132954225
38280206,0x8d530eDa738C0d8F2F10b52b44661d4BBb0AE336,0x846e4D51d7E2043C1a87E0Ab7490B93FB940357b,4.773927917289298
38280206,0x9280D897BEa05C175fdF7dbd48a6F8745F37AAC4,0x846e4D51d7E2043C1a87E0Ab7490B93FB940357b,214.13715524816553
38280206,0x9c3EC4a494D6BA581479a78CF76d059d36abC31F,0x846e4D51d7E2043C1a87E0Ab7490B93FB940357b,923.8651345124949
38280206,0x9e9F9E1D0208a39d99d9DC29aAD7e8fA9Ae4919F,0x846e4D51d7E2043C1a87E0Ab7490B93FB940357b,1100.2782945567217
38280206,0xA6163dFDf2571cE0367Ae57E55E8AE131DbaBC64,0x846e4D51d7E2043C1a87E0Ab7490B93FB940357b,0.0048084636250421055
38280206,0xAAedE75485D8eCAC139Dc0877a3CAA987D03d325,0x846e4D51d7E2043C1a87E0Ab7490B93FB940357b,7.493787777128869
38280206,0xB0720A40d6335dF0aC90fF9e4b755217632Ca78C,0x846e4D51d7E2043C1a87E0Ab7490B93FB940357b,32.12211684846968
38280206,0xBD6c8a1Aa23B07B4480d665dCd57F1A8034c0975,0x846e4D51d7E2043C1a87E0Ab7490B93FB940357b,430790.8361715599
38280206,0xBe80ef1729fe8DC54e980fF9665550C302d747b0,0x846e4D51d7E2043C1a87E0Ab7490B93FB940357b,642.835891519245
38280206,0xD13E6e8FF187F0933219622E377eC9Cb73e200a0,0x846e4D51d7E2043C1a87E0Ab7490B93FB940357b,1.070585016436854
38280206,0xD3ca6674537FB77f3628337bF1896DC60130748a,0x846e4D51d7E2043C1a87E0Ab7490B93FB940357b,536.0879364322332
38280206,0xD92A9FCa6A49e19be2459366e263656322433AF2,0x846e4D51d7E2043C1a87E0Ab7490B93FB940357b,5.749935537424183
38280206,0xDE59C728B87062a7Eeef997F747c41Bc6565Fa5A,0x846e4D51d7E2043C1a87E0Ab7490B93FB940357b,10728.481669270226
38280206,0xDb575F3AD57Dc13bcA710BC02e9dA75D64114172,0x846e4D51d7E2043C1a87E0Ab7490B93FB940357b,13.928963868431195
38280206,0xE52D5A7414f188056e849cFE2AeE84088E7DFEB9,0x846e4D51d7E2043C1a87E0Ab7490B93FB940357b,736.1259810278935
38280206,0xE7CA372E697edb3ACD2354219d055972C4EE4539,0x846e4D51d7E2043C1a87E0Ab7490B93FB940357b,279.00598542412865
38280206,0xE838c61635dd1D41952c68E47159329443283d90,0x846e4D51d7E2043C1a87E0Ab7490B93FB940357b,27792339.26662307
38280206,0xEb7FB6094Bb359F4784A161a2eaC15Ff4402D502,0x846e4D51d7E2043C1a87E0Ab7490B93FB940357b,0.00880495682728504
38280206,0xEcb2E8BF396bC68022288d09b5d0D3B1bba48e70,0x846e4D51d7E2043C1a87E0Ab7490B93FB940357b,27.18773084180715
38280206,0xF373359a8A2D828a7b165887d2a27218fDAF6200,0x846e4D51d7E2043C1a87E0Ab7490B93FB940357b,43.9051692563292
38280206,0xF3EE6853C93716FfB27bAEB32d7D7BC952b68F3c,0x846e4D51d7E2043C1a87E0Ab7490B93FB940357b,358.25571457094355
38280206,0xF74148Cd8F665A29713EFe05C8Dcd96ECb1DeAEF,0x846e4D51d7E2043C1a87E0Ab7490B93FB940357b,472.3598790546596
38280206,0xFBEF474c7412617786D88F1d24233cAa5566dcC9,0x846e4D51d7E2043C1a87E0Ab7490B93FB940357b,899930.1051172068
38280206,0xa727c0fB46970024D43c03f937d9d271943823D0,0x846e4D51d7E2043C1a87E0Ab7490B93FB940357b,695.4829009867746
38280206,0xaea90572ACd703FA8D6B72C2C2AfBc83eD0e7272,0x846e4D51d7E2043C1a87E0Ab7490B93FB940357b,6441.724358379545
38280206,0xb95C11A236a5bF7C900dBBd95d582BE4EFb9fA8A,0x846e4D51d7E2043C1a87E0Ab7490B93FB940357b,458.0607671935194
38280206,0xc76B3329eD9176eaEfcD8A2312214d364a7AC04a,0x846e4D51d7E2043C1a87E0Ab7490B93FB940357b,1008.2710451803099
38280206,0xd3181eA13d1Bae2A4FCAa72d87e933F3D021e5e8,0x846e4D51d7E2043C1a87E0Ab7490B93FB940357b,119.88331384294447
38280206,0xd6A5709E51d0C9a63443C5F9f5987Aa037dFce36,0x846e4D51d7E2043C1a87E0Ab7490B93FB940357b,6817.718895340017
38280206,0xdc77974855C06C6A7261F4db7A0CAfdDfEdfd8fe,0x846e4D51d7E2043C1a87E0Ab7490B93FB940357b,28745.96368742595
38280206,0xe6294bde9186B9e4705dDB36F5c615f1b4B615Be,0x846e4D51d7E2043C1a87E0Ab7490B93FB940357b,107.42160042364632
38280206,0xf2D5D43D4E644b32d9B9E3077be0E16d0a6AfFcA,0x846e4D51d7E2043C1a87E0Ab7490B93FB940357b,7113.903941953091
38280206,0xf507c1215ff75D95895085aEd255d925967dea7E,0x846e4D51d7E2043C1a87E0Ab7490B93FB940357b,103.17373231570015
38280206,0xfa63444483E2609cE30B057C4E7BA131A6596280,0x846e4D51d7E2043C1a87E0Ab7490B93FB940357b,2327.1818865509363
